<?xml version="1.0" encoding="UTF-8"?>

<hibernate-configuration>
    <session-factory>
        <!-- Database connection settings -->
        <property name="hibernate.connection.driver_class">com.mysql.cj.jdbc.Driver</property>
        <property name="hibernate.connection.url">jdbc:mysql://localhost:3306/DB3</property>
        <property name="hibernate.connection.username">root</property>
        <property name="hibernate.connection.password">nikhilthaku</property>
        
        <!-- Hibernate settings -->
        <property name="hibernate.dialect">org.hibernate.dialect.MySQL8Dialect</property>
        <property name="hibernate.show_sql">true</property>
        <property name="hibernate.hbm2ddl.auto">update</property>

        <!-- Mapping resource -->
        <mapping class="model.Student" />
    </session-factory>
</hibernate-configuration>


