<?xml version="1.0" encoding="UTF-8"?>

<hibernate-configuration>
    <session-factory>
 
        <property name="hibernate.connection.driver_class">com.mysql.cj.jdbc.Driver</property>
        <property name="hibernate.connection.url">jdbc:mysql://localhost:3306/library</property>
        <property name="hibernate.connection.username">root</property>
        <property name="hibernate.connection.password">root</property>
        <property name="hibernate.dialect">org.hibernate.dialect.MySQL8Dialect</property>
        <property name="hibernate.hbm2ddl.auto">update</property>
       
        <property name="hibernate.format_sql">true</property>
        <property name="hibernate.use_sql_comments">true</property>
        <mapping class="model.Book" />
 

        <!-- Mapping resources -->
        <mapping class="model.Student"/>
        <mapping class="model.Issue"/>
        <mapping class="model.Book"/>
    </session-factory>
</hibernate-configuration>

